event_id,user_id,event,timestamp
1,197,SEARCH_PERFORMED,2019-03-20T10:33:03Z
2,206,LOGOUT,2019-09-16T16:29:21Z
3,128,LOGIN,2018-05-17T20:25:35Z
4,488,LOGOUT,2021-04-24T13:26:49Z
5,167,REVIEW_POSTED,2022-09-26T05:03:36Z
6,239,REVIEW_POSTED,2022-08-08T17:05:55Z
7,219,ADDED_TO_CART,2018-01-18T03:16:37Z
8,12,LOGIN,2016-09-19T02:45:57Z
9,261,REVIEW_POSTED,2014-02-24T13:19:53Z
10,297,ADDED_TO_CART,2023-01-06T23:50:27Z
11,403,LOGIN,2019-07-14T23:15:37Z
12,298,SEARCH_PERFORMED,2013-04-09T00:55:33Z
13,163,PURCHASE_MADE,2019-02-10T16:18:54Z
14,473,LOGIN,2014-08-22T00:35:34Z
15,429,ITEM_VIEWED,2017-09-04T05:23:22Z
16,446,CART_ABANDONED,2018-07-10T21:25:23Z
17,318,ITEM_VIEWED,2021-04-30T00:12:24Z
18,312,SEARCH_PERFORMED,2014-10-22T13:23:50Z
19,52,REVIEW_POSTED,2019-01-25T13:08:44Z
20,257,CART_ABANDONED,2017-04-14T06:53:52Z
21,478,SEARCH_PERFORMED,2020-10-12T19:45:46Z
22,54,LOGIN,2014-08-23T19:56:29Z
23,98,REVIEW_POSTED,2023-01-10T11:13:27Z
24,66,REVIEW_POSTED,2015-10-31T19:54:54Z
25,342,LOGOUT,2019-05-27T03:42:58Z
26,89,CART_ABANDONED,2019-12-11T14:42:15Z
27,232,LOGOUT,2019-01-27T23:43:37Z
28,402,LOGIN,2020-05-03T08:57:09Z
29,203,LOGIN,2013-12-16T06:50:01Z
30,84,CART_ABANDONED,2016-07-23T08:47:58Z
31,297,CART_ABANDONED,2019-01-02T07:09:41Z
32,91,SEARCH_PERFORMED,2019-06-04T16:58:47Z
33,346,PURCHASE_MADE,2016-07-22T02:29:16Z
34,433,REVIEW_POSTED,2015-07-03T18:03:41Z
35,286,SEARCH_PERFORMED,2019-04-17T23:57:12Z
36,401,ADDED_TO_CART,2020-10-08T20:29:18Z
37,299,SEARCH_PERFORMED,2022-01-23T06:14:46Z
38,210,CART_ABANDONED,2022-06-20T07:14:18Z
39,143,SEARCH_PERFORMED,2022-03-23T13:20:05Z
40,191,SEARCH_PERFORMED,2016-09-12T07:43:45Z
41,203,ADDED_TO_CART,2014-05-28T03:25:52Z
42,186,CART_ABANDONED,2018-04-09T17:07:28Z
43,169,SEARCH_PERFORMED,2014-03-14T22:55:49Z
44,125,LOGOUT,2014-03-12T18:38:55Z
45,14,PURCHASE_MADE,2021-05-24T17:02:41Z
46,226,LOGIN,2018-10-06T06:32:44Z
47,96,LOGIN,2016-06-04T22:51:29Z
48,139,LOGIN,2020-07-25T13:50:45Z
49,489,ITEM_VIEWED,2014-10-05T05:58:52Z
50,305,REVIEW_POSTED,2013-07-11T16:21:35Z
51,407,PURCHASE_MADE,2020-08-13T11:19:52Z
52,261,CART_ABANDONED,2015-09-16T08:03:54Z
53,289,REVIEW_POSTED,2020-12-23T20:52:37Z
54,38,LOGOUT,2022-10-18T11:31:29Z
55,441,ADDED_TO_CART,2020-11-13T15:28:56Z
56,206,CART_ABANDONED,2014-12-08T02:47:31Z
57,387,ADDED_TO_CART,2020-03-24T19:26:09Z
58,324,LOGIN,2021-10-13T14:09:28Z
59,392,ITEM_VIEWED,2014-02-27T01:39:42Z
60,193,ADDED_TO_CART,2020-10-09T08:21:36Z
61,91,LOGOUT,2018-04-06T02:47:08Z
62,339,ADDED_TO_CART,2020-11-17T23:25:36Z
63,385,ITEM_VIEWED,2020-08-28T03:30:45Z
64,444,PURCHASE_MADE,2019-01-21T16:34:56Z
65,14,SEARCH_PERFORMED,2022-01-31T19:05:42Z
66,192,CART_ABANDONED,2016-05-11T17:34:17Z
67,133,LOGIN,2018-01-10T13:17:09Z
68,47,ITEM_VIEWED,2019-10-07T04:08:49Z
69,130,ITEM_VIEWED,2014-03-31T01:56:02Z
70,173,SEARCH_PERFORMED,2018-05-20T12:27:56Z
71,103,SEARCH_PERFORMED,2021-08-23T12:31:35Z
72,474,PURCHASE_MADE,2014-08-21T01:05:12Z
73,485,SEARCH_PERFORMED,2023-02-28T03:27:41Z
74,251,PURCHASE_MADE,2022-06-16T19:02:51Z
75,472,SEARCH_PERFORMED,2013-12-26T00:33:47Z
76,206,LOGOUT,2020-01-21T07:40:25Z
77,349,ADDED_TO_CART,2019-04-01T09:47:39Z
78,263,PURCHASE_MADE,2017-10-30T14:29:23Z
79,208,ITEM_VIEWED,2016-10-06T00:53:03Z
80,244,CART_ABANDONED,2019-12-28T21:44:41Z
81,14,LOGOUT,2014-08-26T18:37:55Z
82,391,ADDED_TO_CART,2020-04-14T21:48:53Z
83,233,PURCHASE_MADE,2018-09-24T14:02:43Z
84,33,REVIEW_POSTED,2015-09-20T03:06:32Z
85,410,LOGIN,2014-11-06T14:06:53Z
86,143,CART_ABANDONED,2021-02-22T20:59:21Z
87,324,LOGIN,2015-03-19T19:59:48Z
88,346,SEARCH_PERFORMED,2020-12-18T07:11:04Z
89,3,LOGOUT,2023-02-09T14:24:15Z
90,43,ADDED_TO_CART,2013-04-25T07:08:35Z
91,162,LOGOUT,2017-09-29T11:30:49Z
92,319,ADDED_TO_CART,2017-02-24T00:33:44Z
93,346,LOGIN,2019-07-11T22:43:00Z
94,341,ITEM_VIEWED,2014-12-15T20:38:44Z
95,307,ITEM_VIEWED,2015-05-20T03:08:36Z
96,371,REVIEW_POSTED,2017-12-01T00:45:49Z
97,80,REVIEW_POSTED,2021-11-23T14:03:33Z
98,214,REVIEW_POSTED,2019-09-07T06:00:49Z
99,350,SEARCH_PERFORMED,2016-11-06T15:06:48Z
100,83,ADDED_TO_CART,2020-10-21T21:57:19Z
101,278,REVIEW_POSTED,2015-04-13T08:02:52Z
102,482,REVIEW_POSTED,2015-11-30T08:29:16Z
103,190,PURCHASE_MADE,2022-05-24T23:43:03Z
104,377,LOGIN,2013-12-03T00:33:34Z
105,179,LOGIN,2018-03-16T04:02:25Z
106,481,LOGIN,2020-03-26T01:52:29Z
107,313,LOGIN,2015-06-21T17:56:48Z
108,418,SEARCH_PERFORMED,2016-02-07T05:59:26Z
109,358,SEARCH_PERFORMED,2019-11-18T23:02:31Z
110,337,CART_ABANDONED,2018-12-27T13:10:40Z
111,370,REVIEW_POSTED,2017-05-22T11:08:44Z
112,305,ADDED_TO_CART,2014-12-20T18:31:41Z
113,174,REVIEW_POSTED,2018-08-05T16:07:34Z
114,475,PURCHASE_MADE,2021-10-02T08:08:16Z
115,24,ADDED_TO_CART,2021-02-06T22:27:58Z
116,15,LOGOUT,2021-10-05T09:34:23Z
117,81,PURCHASE_MADE,2014-01-04T11:26:38Z
118,288,LOGOUT,2020-02-29T20:37:25Z
119,115,PURCHASE_MADE,2014-03-16T14:00:29Z
120,262,REVIEW_POSTED,2022-02-20T21:22:51Z
121,349,SEARCH_PERFORMED,2020-06-01T23:22:40Z
122,85,ITEM_VIEWED,2021-01-15T00:38:11Z
123,323,LOGIN,2016-01-26T01:25:50Z
124,463,ADDED_TO_CART,2022-03-27T02:17:41Z
125,384,LOGOUT,2022-01-08T10:29:23Z
126,137,REVIEW_POSTED,2016-07-14T04:54:07Z
127,38,PURCHASE_MADE,2013-03-21T13:01:41Z
128,85,REVIEW_POSTED,2016-05-16T16:31:27Z
129,185,LOGOUT,2023-02-07T19:19:58Z
130,318,ADDED_TO_CART,2020-07-15T23:37:35Z
131,497,SEARCH_PERFORMED,2022-06-26T07:18:00Z
132,159,CART_ABANDONED,2017-03-30T08:19:13Z
133,432,SEARCH_PERFORMED,2022-04-25T21:15:29Z
134,490,ITEM_VIEWED,2014-01-18T08:03:33Z
135,498,ADDED_TO_CART,2022-01-31T10:50:40Z
136,432,ITEM_VIEWED,2019-08-25T15:27:48Z
137,162,PURCHASE_MADE,2017-08-21T06:47:03Z
138,204,REVIEW_POSTED,2014-05-04T19:31:30Z
139,174,CART_ABANDONED,2013-11-01T20:28:28Z
140,347,REVIEW_POSTED,2017-04-30T04:09:17Z
141,472,PURCHASE_MADE,2015-10-04T21:28:19Z
142,426,LOGIN,2022-08-22T16:03:00Z
143,374,LOGOUT,2016-10-04T03:27:03Z
144,60,SEARCH_PERFORMED,2022-03-12T13:39:47Z
145,335,LOGIN,2023-01-08T07:47:57Z
146,339,PURCHASE_MADE,2018-09-26T03:54:21Z
147,398,CART_ABANDONED,2018-11-23T22:54:16Z
148,455,PURCHASE_MADE,2018-12-24T19:28:24Z
149,22,SEARCH_PERFORMED,2015-02-28T17:51:38Z
150,384,CART_ABANDONED,2018-05-13T16:57:26Z
151,291,LOGOUT,2014-07-29T00:55:37Z
152,394,PURCHASE_MADE,2014-01-29T11:48:10Z
153,140,REVIEW_POSTED,2013-07-30T09:16:48Z
154,292,LOGOUT,2017-04-15T16:34:17Z
155,339,ITEM_VIEWED,2017-06-29T13:05:51Z
156,277,CART_ABANDONED,2020-07-24T02:10:24Z
157,99,LOGOUT,2015-11-18T02:28:05Z
158,31,CART_ABANDONED,2014-09-20T01:11:43Z
159,397,ITEM_VIEWED,2015-09-28T08:47:09Z
160,86,LOGOUT,2020-07-20T12:33:44Z
161,73,ITEM_VIEWED,2013-05-11T21:21:39Z
162,91,ADDED_TO_CART,2014-08-16T09:29:30Z
163,341,LOGOUT,2021-01-11T14:33:44Z
164,167,ADDED_TO_CART,2017-05-16T07:53:20Z
165,386,SEARCH_PERFORMED,2019-08-24T14:33:00Z
166,472,ADDED_TO_CART,2013-09-27T22:02:51Z
167,141,CART_ABANDONED,2020-11-14T17:58:07Z
168,380,PURCHASE_MADE,2023-03-05T23:47:40Z
169,302,LOGIN,2017-02-24T04:58:18Z
170,97,LOGOUT,2018-11-05T08:15:05Z
171,24,ITEM_VIEWED,2017-08-28T20:58:24Z
172,329,PURCHASE_MADE,2021-08-14T00:08:56Z
173,271,CART_ABANDONED,2022-06-03T17:28:38Z
174,53,CART_ABANDONED,2015-06-22T14:58:37Z
175,288,LOGOUT,2017-07-23T11:29:19Z
176,496,LOGIN,2023-02-08T08:06:43Z
177,81,ADDED_TO_CART,2020-04-29T10:52:55Z
178,283,LOGOUT,2014-01-21T02:31:32Z
179,421,LOGIN,2019-06-01T09:13:00Z
180,271,PURCHASE_MADE,2022-06-13T15:17:07Z
181,421,CART_ABANDONED,2021-02-08T04:42:42Z
182,36,LOGOUT,2020-05-03T21:25:58Z
183,465,ADDED_TO_CART,2015-12-04T04:50:41Z
184,251,LOGOUT,2022-11-18T07:53:17Z
185,240,LOGIN,2021-03-29T16:45:52Z
186,425,SEARCH_PERFORMED,2020-04-19T03:20:39Z
187,170,SEARCH_PERFORMED,2015-09-10T17:44:35Z
188,484,REVIEW_POSTED,2014-05-04T23:35:14Z
189,203,REVIEW_POSTED,2017-12-13T20:07:24Z
190,283,ITEM_VIEWED,2016-01-16T15:48:45Z
191,139,SEARCH_PERFORMED,2019-06-20T21:53:15Z
192,273,LOGIN,2014-07-23T14:46:50Z
193,421,PURCHASE_MADE,2018-07-22T20:26:23Z
194,45,REVIEW_POSTED,2013-06-10T22:44:13Z
195,394,REVIEW_POSTED,2015-12-10T21:58:48Z
196,381,PURCHASE_MADE,2021-06-29T14:53:30Z
197,410,ITEM_VIEWED,2015-02-10T20:09:41Z
198,192,REVIEW_POSTED,2016-08-12T23:07:28Z
199,300,LOGOUT,2016-04-21T16:39:57Z
200,107,ITEM_VIEWED,2020-09-22T09:56:31Z
201,34,REVIEW_POSTED,2020-12-05T08:33:24Z
202,457,SEARCH_PERFORMED,2022-09-10T02:32:53Z
203,257,LOGOUT,2019-05-08T08:05:53Z
204,461,PURCHASE_MADE,2021-07-12T07:10:26Z
205,13,ADDED_TO_CART,2015-01-09T18:44:29Z
206,164,ITEM_VIEWED,2018-04-04T13:15:47Z
207,494,SEARCH_PERFORMED,2017-10-19T01:25:28Z
208,480,REVIEW_POSTED,2020-03-21T14:00:46Z
209,312,ITEM_VIEWED,2017-12-18T10:52:22Z
210,223,SEARCH_PERFORMED,2020-11-25T15:56:28Z
211,222,ADDED_TO_CART,2018-10-18T04:37:45Z
212,422,PURCHASE_MADE,2017-12-26T07:35:24Z
213,35,LOGOUT,2016-09-24T18:50:14Z
214,296,ADDED_TO_CART,2017-03-22T18:45:58Z
215,108,LOGOUT,2020-01-10T01:08:02Z
216,222,LOGOUT,2021-09-23T07:43:06Z
217,162,CART_ABANDONED,2016-11-08T03:22:48Z
218,310,LOGOUT,2019-05-14T14:59:51Z
219,408,PURCHASE_MADE,2021-01-17T15:13:11Z
220,22,SEARCH_PERFORMED,2014-12-03T22:15:00Z
221,103,REVIEW_POSTED,2013-10-02T17:21:52Z
222,155,LOGOUT,2013-10-30T18:48:21Z
223,472,PURCHASE_MADE,2020-03-06T09:28:26Z
224,70,SEARCH_PERFORMED,2020-05-01T23:49:11Z
225,100,ADDED_TO_CART,2016-04-22T03:54:48Z
226,366,REVIEW_POSTED,2022-12-13T05:05:53Z
227,266,LOGOUT,2022-06-09T11:38:26Z
228,341,REVIEW_POSTED,2022-08-18T19:23:01Z
229,299,PURCHASE_MADE,2019-06-03T17:30:42Z
230,90,REVIEW_POSTED,2019-12-22T10:18:43Z
231,221,PURCHASE_MADE,2017-07-05T21:23:37Z
232,198,REVIEW_POSTED,2022-07-24T08:05:11Z
233,401,ITEM_VIEWED,2019-09-23T18:01:03Z
234,463,CART_ABANDONED,2021-06-04T07:38:00Z
235,286,SEARCH_PERFORMED,2019-10-01T04:31:31Z
236,271,ITEM_VIEWED,2016-03-04T00:56:19Z
237,314,REVIEW_POSTED,2022-02-19T06:52:30Z
238,428,REVIEW_POSTED,2017-10-05T14:04:05Z
239,142,CART_ABANDONED,2020-12-04T22:30:20Z
240,448,LOGOUT,2022-01-17T03:16:58Z
241,275,SEARCH_PERFORMED,2018-05-17T19:31:34Z
242,243,SEARCH_PERFORMED,2016-06-14T00:27:27Z
243,284,PURCHASE_MADE,2015-11-05T17:36:46Z
244,7,SEARCH_PERFORMED,2021-04-18T00:39:38Z
245,94,REVIEW_POSTED,2020-07-02T04:10:06Z
246,265,CART_ABANDONED,2015-12-23T07:01:19Z
247,461,LOGIN,2015-04-27T16:17:29Z
248,7,CART_ABANDONED,2014-07-15T09:24:45Z
249,71,ADDED_TO_CART,2018-11-25T02:50:14Z
250,3,LOGOUT,2013-09-21T18:34:51Z
251,73,PURCHASE_MADE,2014-12-08T14:05:10Z
252,53,ADDED_TO_CART,2013-09-27T16:16:29Z
253,128,PURCHASE_MADE,2022-12-28T11:51:34Z
254,62,CART_ABANDONED,2019-01-15T14:18:04Z
255,409,LOGIN,2018-12-31T17:08:03Z
256,81,LOGIN,2016-02-26T02:11:39Z
257,114,ITEM_VIEWED,2019-05-25T18:41:51Z
258,179,LOGOUT,2014-03-28T02:34:39Z
259,400,LOGOUT,2021-11-28T18:47:30Z
260,3,PURCHASE_MADE,2020-09-07T14:31:21Z
261,88,REVIEW_POSTED,2019-08-13T03:27:42Z
262,368,ADDED_TO_CART,2018-05-03T02:16:21Z
263,155,LOGIN,2015-09-21T23:30:17Z
264,211,SEARCH_PERFORMED,2019-03-14T21:20:06Z
265,299,LOGIN,2015-01-30T03:03:29Z
266,136,PURCHASE_MADE,2013-06-15T09:34:49Z
267,41,ITEM_VIEWED,2015-06-10T22:02:59Z
268,49,ADDED_TO_CART,2016-05-11T05:58:39Z
269,311,REVIEW_POSTED,2019-01-14T05:09:41Z
270,136,LOGIN,2020-09-06T17:44:45Z
271,364,CART_ABANDONED,2016-04-17T20:10:05Z
272,363,REVIEW_POSTED,2014-08-05T08:00:59Z
273,348,ITEM_VIEWED,2023-02-19T04:41:52Z
274,336,CART_ABANDONED,2014-11-22T23:50:01Z
275,373,REVIEW_POSTED,2021-10-18T12:17:02Z
276,163,REVIEW_POSTED,2016-06-20T11:16:13Z
277,180,PURCHASE_MADE,2022-10-23T19:57:48Z
278,81,SEARCH_PERFORMED,2019-12-13T23:59:07Z
279,311,ADDED_TO_CART,2019-10-16T22:42:44Z
280,6,REVIEW_POSTED,2017-12-03T15:53:05Z
281,130,ITEM_VIEWED,2022-04-05T15:48:30Z
282,33,SEARCH_PERFORMED,2021-11-12T14:07:07Z
283,452,REVIEW_POSTED,2014-06-03T22:12:29Z
284,403,ITEM_VIEWED,2020-03-13T13:09:43Z
285,115,REVIEW_POSTED,2021-07-31T13:36:07Z
286,350,LOGOUT,2020-10-20T05:51:21Z
287,466,LOGOUT,2017-01-18T13:53:55Z
288,353,REVIEW_POSTED,2018-10-10T04:14:56Z
289,310,LOGIN,2019-01-23T15:50:54Z
290,18,CART_ABANDONED,2016-02-04T05:38:44Z
291,174,CART_ABANDONED,2021-11-28T07:42:05Z
292,237,PURCHASE_MADE,2017-08-03T13:15:23Z
293,365,ADDED_TO_CART,2014-11-22T16:49:20Z
294,254,ITEM_VIEWED,2021-07-16T12:54:21Z
295,91,PURCHASE_MADE,2013-10-06T22:23:01Z
296,82,LOGOUT,2023-01-26T18:55:36Z
297,195,REVIEW_POSTED,2015-06-05T18:38:22Z
298,101,ADDED_TO_CART,2016-06-16T01:34:11Z
299,315,LOGIN,2022-05-28T01:54:32Z
300,367,CART_ABANDONED,2015-12-30T13:55:39Z
301,250,PURCHASE_MADE,2014-02-09T00:35:17Z
302,325,REVIEW_POSTED,2013-08-03T15:57:42Z
303,478,PURCHASE_MADE,2013-08-30T23:43:03Z
304,136,LOGOUT,2014-02-08T09:10:56Z
305,349,ADDED_TO_CART,2018-09-16T01:03:59Z
306,125,LOGOUT,2019-03-29T09:26:44Z
307,218,REVIEW_POSTED,2014-04-06T10:05:25Z
308,434,REVIEW_POSTED,2015-05-14T03:39:08Z
309,87,ITEM_VIEWED,2016-10-16T15:08:59Z
310,338,LOGIN,2018-05-18T14:26:10Z
311,281,ITEM_VIEWED,2016-03-13T00:40:24Z
312,235,LOGIN,2016-01-31T04:21:30Z
313,11,ITEM_VIEWED,2022-06-26T19:41:10Z
314,75,LOGOUT,2015-12-10T04:06:45Z
315,453,REVIEW_POSTED,2018-07-10T07:17:46Z
316,318,PURCHASE_MADE,2016-10-28T03:23:03Z
317,64,ADDED_TO_CART,2017-12-13T19:16:22Z
318,367,PURCHASE_MADE,2015-01-12T07:54:38Z
319,493,PURCHASE_MADE,2021-04-05T00:45:38Z
320,397,SEARCH_PERFORMED,2015-08-07T13:01:35Z
321,86,LOGOUT,2015-12-17T15:44:06Z
322,6,SEARCH_PERFORMED,2020-04-27T17:01:14Z
323,301,LOGOUT,2022-05-08T09:15:12Z
324,295,SEARCH_PERFORMED,2019-01-31T08:55:12Z
325,225,CART_ABANDONED,2019-09-01T14:00:43Z
326,119,PURCHASE_MADE,2013-08-06T06:43:04Z
327,256,SEARCH_PERFORMED,2014-08-29T17:11:18Z
328,146,ADDED_TO_CART,2020-06-16T06:45:06Z
329,197,CART_ABANDONED,2017-03-12T03:27:24Z
330,50,LOGOUT,2021-05-09T09:57:33Z
331,121,REVIEW_POSTED,2013-10-22T09:17:39Z
332,335,ITEM_VIEWED,2019-05-01T23:47:20Z
333,383,REVIEW_POSTED,2020-10-05T00:59:54Z
334,469,REVIEW_POSTED,2019-06-05T20:03:56Z
335,102,ITEM_VIEWED,2018-05-08T21:04:18Z
336,109,REVIEW_POSTED,2016-04-29T04:07:00Z
337,238,REVIEW_POSTED,2014-01-23T03:44:49Z
338,363,REVIEW_POSTED,2013-07-15T17:24:07Z
339,403,REVIEW_POSTED,2016-12-01T08:16:07Z
340,213,ADDED_TO_CART,2013-09-24T09:29:55Z
341,3,ADDED_TO_CART,2019-09-29T05:44:09Z
342,447,REVIEW_POSTED,2019-07-14T17:02:01Z
343,42,CART_ABANDONED,2015-04-08T09:32:37Z
344,267,ITEM_VIEWED,2019-07-21T12:37:16Z
345,296,SEARCH_PERFORMED,2020-05-03T00:06:40Z
346,36,SEARCH_PERFORMED,2016-11-18T04:43:47Z
347,278,PURCHASE_MADE,2014-01-05T11:05:55Z
348,149,PURCHASE_MADE,2016-03-04T14:44:55Z
349,275,LOGOUT,2022-10-30T20:36:28Z
350,252,LOGIN,2018-06-18T01:43:54Z
351,282,REVIEW_POSTED,2022-01-16T19:21:13Z
352,394,CART_ABANDONED,2015-03-25T21:14:30Z
353,343,LOGIN,2022-11-24T10:02:35Z
354,82,LOGOUT,2021-08-14T02:22:42Z
355,454,ADDED_TO_CART,2014-02-10T05:23:40Z
356,302,PURCHASE_MADE,2016-07-21T03:59:25Z
357,410,LOGOUT,2014-06-12T18:23:26Z
358,414,ADDED_TO_CART,2013-10-08T14:19:12Z
359,186,ADDED_TO_CART,2022-01-02T02:24:25Z
360,199,ITEM_VIEWED,2016-10-30T19:12:05Z
361,76,ITEM_VIEWED,2021-07-10T01:57:02Z
362,405,PURCHASE_MADE,2018-02-23T16:45:04Z
363,349,CART_ABANDONED,2022-10-20T19:06:13Z
364,120,REVIEW_POSTED,2015-07-02T00:48:14Z
365,23,LOGOUT,2022-08-29T09:52:16Z
366,211,PURCHASE_MADE,2016-04-14T16:44:07Z
367,159,LOGOUT,2016-08-25T15:48:15Z
368,116,SEARCH_PERFORMED,2013-04-04T15:37:21Z
369,318,ADDED_TO_CART,2013-06-08T05:50:04Z
370,308,REVIEW_POSTED,2018-03-30T19:54:10Z
371,165,CART_ABANDONED,2023-02-04T13:18:13Z
372,226,SEARCH_PERFORMED,2015-05-16T01:57:45Z
373,235,ITEM_VIEWED,2019-01-07T04:07:05Z
374,387,PURCHASE_MADE,2014-01-24T13:52:46Z
375,283,LOGIN,2016-03-29T20:02:57Z
376,123,PURCHASE_MADE,2018-09-29T02:36:55Z
377,75,REVIEW_POSTED,2016-04-03T03:13:08Z
378,315,LOGIN,2019-04-28T00:37:32Z
379,159,SEARCH_PERFORMED,2015-07-29T11:03:48Z
380,224,LOGIN,2015-09-30T15:09:57Z
381,144,ITEM_VIEWED,2018-10-28T08:48:07Z
382,421,ADDED_TO_CART,2021-11-22T15:48:33Z
383,445,ITEM_VIEWED,2017-03-20T19:15:10Z
384,334,REVIEW_POSTED,2022-05-21T04:26:41Z
385,20,REVIEW_POSTED,2022-11-29T05:37:34Z
386,13,LOGIN,2016-06-08T14:54:27Z
387,77,REVIEW_POSTED,2019-09-26T10:27:49Z
388,328,SEARCH_PERFORMED,2018-09-24T10:16:42Z
389,399,PURCHASE_MADE,2019-08-31T01:19:33Z
390,415,CART_ABANDONED,2015-12-29T21:00:13Z
391,101,ITEM_VIEWED,2017-06-15T06:39:39Z
392,145,LOGIN,2018-05-11T07:38:04Z
393,167,ITEM_VIEWED,2015-10-07T12:15:20Z
394,285,LOGOUT,2014-05-25T14:47:52Z
395,42,LOGOUT,2014-03-24T12:51:44Z
396,368,SEARCH_PERFORMED,2014-10-23T18:37:33Z
397,283,CART_ABANDONED,2017-04-08T22:45:16Z
398,58,PURCHASE_MADE,2013-05-27T19:56:34Z
399,313,CART_ABANDONED,2022-07-09T06:55:57Z
400,349,REVIEW_POSTED,2022-03-18T03:00:23Z
401,411,ITEM_VIEWED,2019-10-03T17:55:09Z
402,307,ITEM_VIEWED,2014-02-25T07:59:27Z
403,94,CART_ABANDONED,2020-01-15T13:37:50Z
404,262,LOGOUT,2019-06-01T09:13:04Z
405,343,ITEM_VIEWED,2014-11-25T06:45:47Z
406,486,CART_ABANDONED,2022-08-17T15:45:16Z
407,340,ADDED_TO_CART,2013-08-13T04:56:52Z
408,359,PURCHASE_MADE,2016-10-17T10:14:55Z
409,325,ADDED_TO_CART,2015-11-14T18:39:01Z
410,183,ITEM_VIEWED,2014-01-19T09:10:08Z
411,351,SEARCH_PERFORMED,2022-01-28T07:03:32Z
412,259,LOGIN,2014-01-11T14:47:37Z
413,163,ITEM_VIEWED,2017-03-06T05:55:40Z
414,396,REVIEW_POSTED,2022-07-10T22:58:27Z
415,30,LOGIN,2019-07-28T11:46:08Z
416,489,PURCHASE_MADE,2015-04-07T02:53:11Z
417,182,ITEM_VIEWED,2020-01-15T09:30:20Z
418,142,LOGIN,2020-01-08T15:15:30Z
419,253,PURCHASE_MADE,2021-10-19T03:31:43Z
420,92,ADDED_TO_CART,2018-03-30T11:42:56Z
421,438,SEARCH_PERFORMED,2022-09-10T23:49:28Z
422,495,ITEM_VIEWED,2022-03-15T11:06:07Z
423,6,CART_ABANDONED,2017-06-23T15:32:14Z
424,245,REVIEW_POSTED,2021-12-16T17:35:55Z
425,361,REVIEW_POSTED,2021-01-19T02:12:14Z
426,115,LOGIN,2017-06-12T19:18:01Z
427,414,LOGOUT,2019-08-19T17:05:13Z
428,99,SEARCH_PERFORMED,2013-03-21T09:38:59Z
429,429,LOGOUT,2015-01-11T11:03:05Z
430,384,REVIEW_POSTED,2020-09-11T02:41:07Z
431,329,CART_ABANDONED,2019-12-05T03:22:46Z
432,467,LOGOUT,2018-12-06T18:40:44Z
433,164,PURCHASE_MADE,2020-07-11T05:59:02Z
434,465,LOGOUT,2018-12-20T09:46:39Z
435,308,CART_ABANDONED,2014-10-21T22:42:13Z
436,299,PURCHASE_MADE,2022-09-01T12:52:14Z
437,167,LOGIN,2014-01-12T21:04:56Z
438,141,LOGOUT,2020-04-01T10:29:20Z
439,106,ITEM_VIEWED,2021-01-03T03:30:27Z
440,224,PURCHASE_MADE,2019-04-04T17:45:57Z
441,438,SEARCH_PERFORMED,2022-11-09T16:23:57Z
442,471,LOGOUT,2016-12-11T00:10:40Z
443,280,SEARCH_PERFORMED,2018-02-09T23:22:22Z
444,234,LOGIN,2021-09-16T21:25:19Z
445,12,ITEM_VIEWED,2020-08-22T20:43:01Z
446,488,LOGOUT,2017-11-10T23:27:16Z
447,308,SEARCH_PERFORMED,2017-04-28T20:02:08Z
448,20,LOGOUT,2015-12-28T18:48:53Z
449,399,LOGOUT,2017-08-19T18:32:51Z
450,500,CART_ABANDONED,2014-05-31T17:27:12Z
451,400,ITEM_VIEWED,2021-01-16T22:56:08Z
452,301,LOGIN,2015-05-13T11:25:32Z
453,331,LOGIN,2018-12-04T21:18:45Z
454,35,LOGOUT,2019-02-24T04:50:04Z
455,243,SEARCH_PERFORMED,2013-06-01T03:36:51Z
456,320,SEARCH_PERFORMED,2017-07-29T08:05:06Z
457,266,LOGIN,2018-06-24T17:26:19Z
458,430,LOGOUT,2017-07-19T07:54:39Z
459,23,LOGOUT,2016-01-21T17:41:25Z
460,207,LOGOUT,2019-10-30T11:00:22Z
461,11,ITEM_VIEWED,2022-12-14T14:08:56Z
462,50,LOGOUT,2013-11-20T00:01:35Z
463,159,ADDED_TO_CART,2014-12-29T18:22:38Z
464,151,CART_ABANDONED,2016-10-10T21:00:36Z
465,227,CART_ABANDONED,2016-06-29T13:46:05Z
466,172,LOGIN,2015-05-15T06:27:49Z
467,391,ADDED_TO_CART,2019-09-07T18:54:53Z
468,163,LOGIN,2017-04-25T14:47:53Z
469,233,REVIEW_POSTED,2020-01-13T14:39:41Z
470,97,LOGIN,2016-03-12T16:15:10Z
471,494,CART_ABANDONED,2013-08-27T02:33:40Z
472,385,SEARCH_PERFORMED,2016-06-12T07:09:11Z
473,3,ADDED_TO_CART,2016-07-29T00:45:13Z
474,488,SEARCH_PERFORMED,2017-11-11T05:14:27Z
475,70,REVIEW_POSTED,2021-10-31T09:51:06Z
476,334,ADDED_TO_CART,2021-08-04T14:23:50Z
477,315,SEARCH_PERFORMED,2018-11-17T17:36:53Z
478,46,LOGOUT,2022-06-20T17:01:41Z
479,261,LOGOUT,2021-12-21T23:47:42Z
480,244,ADDED_TO_CART,2020-01-25T22:22:48Z
481,182,PURCHASE_MADE,2019-10-18T16:11:55Z
482,7,CART_ABANDONED,2018-06-25T06:39:58Z
483,435,LOGOUT,2021-01-03T13:55:21Z
484,75,PURCHASE_MADE,2016-01-18T09:47:31Z
485,141,SEARCH_PERFORMED,2016-09-09T17:45:20Z
486,262,ITEM_VIEWED,2020-12-21T17:52:09Z
487,394,PURCHASE_MADE,2018-02-28T15:27:45Z
488,374,LOGIN,2020-06-18T14:12:41Z
489,150,PURCHASE_MADE,2016-07-30T11:08:28Z
490,193,LOGIN,2022-12-04T13:49:09Z
491,491,SEARCH_PERFORMED,2015-12-13T11:31:55Z
492,268,REVIEW_POSTED,2020-03-08T15:58:53Z
493,405,SEARCH_PERFORMED,2022-09-29T04:27:23Z
494,146,LOGOUT,2016-02-06T01:56:11Z
495,60,REVIEW_POSTED,2015-10-08T10:57:19Z
496,373,SEARCH_PERFORMED,2020-06-01T18:09:18Z
497,464,LOGOUT,2015-04-03T16:12:46Z
498,17,PURCHASE_MADE,2018-01-30T02:29:33Z
499,169,ITEM_VIEWED,2015-09-23T21:31:26Z
500,178,ADDED_TO_CART,2021-02-10T09:31:39Z
501,2,SEARCH_PERFORMED,2021-09-06T17:03:07Z
502,4,REVIEW_POSTED,2014-11-11T06:13:44Z
503,327,SEARCH_PERFORMED,2022-10-16T16:00:35Z
504,167,PURCHASE_MADE,2016-12-16T01:08:45Z
505,208,ITEM_VIEWED,2022-09-06T05:01:35Z
506,8,PURCHASE_MADE,2018-09-28T00:15:41Z
507,276,PURCHASE_MADE,2021-10-03T00:17:38Z
508,12,LOGIN,2015-09-20T16:01:09Z
509,97,PURCHASE_MADE,2019-07-04T17:36:16Z
510,313,CART_ABANDONED,2021-09-19T15:05:30Z
511,159,REVIEW_POSTED,2017-08-11T13:15:28Z
512,143,ADDED_TO_CART,2016-12-08T05:04:31Z
513,305,SEARCH_PERFORMED,2019-11-17T14:55:49Z
514,363,ITEM_VIEWED,2021-09-01T07:17:50Z
515,2,PURCHASE_MADE,2018-04-02T10:58:21Z
516,472,SEARCH_PERFORMED,2021-12-28T20:28:30Z
517,352,ADDED_TO_CART,2019-03-18T16:42:11Z
518,56,LOGOUT,2022-11-17T08:20:56Z
519,255,CART_ABANDONED,2016-01-01T02:06:12Z
520,106,CART_ABANDONED,2013-05-03T11:08:02Z
521,481,REVIEW_POSTED,2019-09-25T21:32:24Z
522,243,ITEM_VIEWED,2015-09-28T15:57:17Z
523,490,PURCHASE_MADE,2018-11-10T13:31:51Z
524,498,LOGOUT,2016-06-25T02:48:37Z
525,220,PURCHASE_MADE,2022-10-31T10:51:05Z
526,195,PURCHASE_MADE,2017-01-30T08:45:58Z
527,449,PURCHASE_MADE,2020-03-13T11:06:36Z
528,369,REVIEW_POSTED,2017-12-10T08:56:34Z
529,188,LOGIN,2015-09-15T20:06:03Z
530,41,PURCHASE_MADE,2016-01-20T07:31:54Z
531,494,LOGIN,2022-07-16T18:58:18Z
532,361,SEARCH_PERFORMED,2019-07-19T16:04:25Z
533,62,ITEM_VIEWED,2020-03-14T17:30:33Z
534,152,PURCHASE_MADE,2021-11-26T13:41:47Z
535,35,PURCHASE_MADE,2019-07-30T20:16:49Z
536,385,REVIEW_POSTED,2018-12-11T01:48:21Z
537,221,PURCHASE_MADE,2014-03-20T10:38:05Z
538,51,REVIEW_POSTED,2018-04-17T20:26:26Z
539,469,CART_ABANDONED,2016-12-17T16:21:06Z
540,184,LOGIN,2021-03-04T12:19:13Z
541,348,LOGIN,2020-11-29T20:49:46Z
542,274,LOGIN,2020-02-24T17:57:29Z
543,115,ADDED_TO_CART,2018-05-16T17:17:26Z
544,369,PURCHASE_MADE,2015-08-29T18:49:56Z
545,9,REVIEW_POSTED,2020-09-03T12:35:52Z
546,359,LOGOUT,2015-06-28T18:38:18Z
547,483,ADDED_TO_CART,2020-12-30T02:06:09Z
548,440,REVIEW_POSTED,2017-12-21T23:03:22Z
549,467,PURCHASE_MADE,2022-07-05T13:08:01Z
550,119,SEARCH_PERFORMED,2018-02-27T13:46:49Z
551,397,REVIEW_POSTED,2017-11-11T18:42:15Z
552,195,CART_ABANDONED,2018-08-05T04:24:14Z
553,303,SEARCH_PERFORMED,2017-03-02T23:33:06Z
554,195,CART_ABANDONED,2019-11-20T21:32:25Z
555,201,PURCHASE_MADE,2016-02-28T01:05:42Z
556,107,SEARCH_PERFORMED,2016-09-26T10:47:20Z
557,464,LOGOUT,2021-02-09T08:01:19Z
558,71,ADDED_TO_CART,2015-11-12T21:48:08Z
559,211,ITEM_VIEWED,2015-05-16T14:07:52Z
560,198,SEARCH_PERFORMED,2021-04-28T05:40:09Z
561,395,ADDED_TO_CART,2013-08-03T14:45:32Z
562,337,ADDED_TO_CART,2021-11-20T12:38:52Z
563,482,SEARCH_PERFORMED,2020-06-01T12:14:54Z
564,341,SEARCH_PERFORMED,2020-09-11T14:15:38Z
565,280,LOGOUT,2019-12-14T04:37:17Z
566,239,ITEM_VIEWED,2014-03-07T18:45:11Z
567,398,ADDED_TO_CART,2021-10-26T10:59:09Z
568,430,LOGIN,2022-10-09T23:44:18Z
569,331,ITEM_VIEWED,2014-04-28T20:17:02Z
570,270,LOGIN,2021-12-14T14:12:52Z
571,352,PURCHASE_MADE,2022-02-28T19:15:30Z
572,102,SEARCH_PERFORMED,2016-08-14T17:20:05Z
573,9,SEARCH_PERFORMED,2022-01-16T10:13:48Z
574,464,PURCHASE_MADE,2021-11-07T04:04:28Z
575,99,CART_ABANDONED,2016-08-31T20:07:32Z
576,451,PURCHASE_MADE,2015-02-01T13:41:45Z
577,198,ITEM_VIEWED,2022-01-03T12:36:53Z
578,140,ITEM_VIEWED,2022-09-06T12:29:01Z
579,79,LOGIN,2016-05-09T09:10:33Z
580,463,REVIEW_POSTED,2018-03-31T05:33:31Z
581,321,LOGIN,2013-10-11T03:48:10Z
582,277,SEARCH_PERFORMED,2021-09-23T12:28:19Z
583,471,ITEM_VIEWED,2020-04-01T06:34:16Z
584,73,REVIEW_POSTED,2014-07-06T10:49:01Z
585,152,ITEM_VIEWED,2014-04-16T01:44:18Z
586,198,PURCHASE_MADE,2015-03-08T18:08:05Z
587,203,LOGIN,2022-12-16T01:27:20Z
588,199,ADDED_TO_CART,2016-09-19T08:08:20Z
589,38,SEARCH_PERFORMED,2013-04-29T06:41:14Z
590,417,PURCHASE_MADE,2018-04-23T12:10:26Z
591,122,LOGIN,2013-08-05T02:52:54Z
592,54,CART_ABANDONED,2013-07-13T14:09:26Z
593,180,ADDED_TO_CART,2016-07-05T03:48:00Z
594,379,LOGIN,2019-05-16T22:02:02Z
595,337,SEARCH_PERFORMED,2016-11-18T12:43:11Z
596,57,CART_ABANDONED,2013-06-23T21:37:40Z
597,77,SEARCH_PERFORMED,2020-09-16T04:32:17Z
598,424,SEARCH_PERFORMED,2022-03-15T06:38:44Z
599,218,REVIEW_POSTED,2016-06-15T17:32:47Z
600,177,ITEM_VIEWED,2015-11-15T20:52:25Z
601,423,CART_ABANDONED,2014-12-27T14:27:02Z
602,405,SEARCH_PERFORMED,2014-10-11T13:16:24Z
603,149,CART_ABANDONED,2015-10-19T20:06:51Z
604,225,ITEM_VIEWED,2020-10-09T22:56:34Z
605,135,SEARCH_PERFORMED,2014-06-07T16:55:55Z
606,244,ADDED_TO_CART,2019-10-10T21:52:19Z
607,378,PURCHASE_MADE,2015-08-15T13:31:25Z
608,422,REVIEW_POSTED,2014-08-06T12:57:01Z
609,267,SEARCH_PERFORMED,2017-09-21T13:16:07Z
610,440,PURCHASE_MADE,2018-03-03T12:41:21Z
611,458,ITEM_VIEWED,2014-10-25T18:37:36Z
612,467,REVIEW_POSTED,2015-09-13T15:43:36Z
613,170,PURCHASE_MADE,2020-11-02T14:44:56Z
614,376,REVIEW_POSTED,2020-09-26T23:34:05Z
615,180,PURCHASE_MADE,2015-10-01T04:25:07Z
616,87,REVIEW_POSTED,2014-09-27T10:13:14Z
617,323,ADDED_TO_CART,2022-07-09T21:49:07Z
618,171,CART_ABANDONED,2023-02-21T17:42:20Z
619,195,ITEM_VIEWED,2014-07-07T22:15:18Z
620,72,LOGIN,2019-10-24T18:17:26Z
621,393,ADDED_TO_CART,2017-12-04T10:27:49Z
622,131,ITEM_VIEWED,2020-10-15T04:30:10Z
623,119,CART_ABANDONED,2018-05-05T09:08:35Z
624,320,SEARCH_PERFORMED,2014-08-31T20:38:04Z
625,55,CART_ABANDONED,2017-11-28T13:05:05Z
626,230,PURCHASE_MADE,2020-07-22T09:49:31Z
627,165,REVIEW_POSTED,2021-11-22T01:16:30Z
628,162,ITEM_VIEWED,2018-07-12T22:43:29Z
629,127,ADDED_TO_CART,2015-06-27T00:44:26Z
630,150,CART_ABANDONED,2020-03-09T00:55:31Z
631,359,CART_ABANDONED,2018-12-04T21:41:48Z
632,244,SEARCH_PERFORMED,2015-10-22T02:46:02Z
633,22,PURCHASE_MADE,2015-09-14T14:46:58Z
634,203,SEARCH_PERFORMED,2020-12-13T22:49:02Z
635,175,PURCHASE_MADE,2014-07-15T00:52:14Z
636,393,LOGIN,2021-10-19T13:13:49Z
637,311,SEARCH_PERFORMED,2018-11-27T23:30:41Z
638,393,REVIEW_POSTED,2022-06-24T03:10:27Z
639,182,PURCHASE_MADE,2014-10-13T02:32:36Z
640,493,LOGOUT,2020-11-19T12:11:04Z
641,77,LOGOUT,2016-03-08T17:51:45Z
642,213,LOGOUT,2014-08-06T06:24:54Z
643,430,CART_ABANDONED,2022-09-24T10:19:23Z
644,344,REVIEW_POSTED,2019-09-05T20:39:08Z
645,369,LOGOUT,2016-05-08T05:39:03Z
646,452,ITEM_VIEWED,2016-04-01T12:42:06Z
647,153,REVIEW_POSTED,2020-08-14T12:03:16Z
648,234,CART_ABANDONED,2016-07-13T19:27:17Z
649,335,PURCHASE_MADE,2021-09-16T23:19:07Z
650,213,SEARCH_PERFORMED,2017-07-03T16:05:29Z
651,243,SEARCH_PERFORMED,2019-06-15T23:17:35Z
652,276,REVIEW_POSTED,2015-02-12T03:54:53Z
653,153,CART_ABANDONED,2021-03-08T00:53:31Z
654,259,CART_ABANDONED,2014-06-15T04:34:57Z
655,282,LOGOUT,2020-08-19T01:49:07Z
656,94,REVIEW_POSTED,2019-02-11T18:30:40Z
657,290,CART_ABANDONED,2022-10-17T16:07:29Z
658,107,REVIEW_POSTED,2020-09-19T14:20:21Z
659,429,REVIEW_POSTED,2016-08-23T20:57:56Z
660,385,SEARCH_PERFORMED,2017-06-27T06:06:22Z
661,29,CART_ABANDONED,2016-01-31T07:30:37Z
662,369,LOGOUT,2015-11-12T00:55:40Z
663,230,ITEM_VIEWED,2021-03-25T02:27:50Z
664,273,ITEM_VIEWED,2019-09-03T01:31:27Z
665,52,ADDED_TO_CART,2016-08-13T09:53:30Z
666,71,REVIEW_POSTED,2017-10-18T17:07:09Z
667,248,PURCHASE_MADE,2020-08-09T19:05:11Z
668,334,CART_ABANDONED,2014-06-12T19:15:11Z
669,482,SEARCH_PERFORMED,2018-05-19T04:43:50Z
670,137,SEARCH_PERFORMED,2018-03-22T06:33:38Z
671,419,LOGOUT,2021-11-13T23:46:08Z
672,48,REVIEW_POSTED,2021-10-18T18:57:58Z
673,105,ITEM_VIEWED,2020-01-22T22:54:56Z
674,417,LOGIN,2013-10-23T23:48:06Z
675,422,LOGIN,2023-01-25T07:40:17Z
676,295,CART_ABANDONED,2020-10-20T23:05:15Z
677,361,LOGOUT,2015-10-21T03:23:01Z
678,283,ADDED_TO_CART,2015-08-31T15:33:26Z
679,335,LOGOUT,2018-04-18T21:11:56Z
680,358,LOGIN,2019-04-28T01:57:04Z
681,279,REVIEW_POSTED,2020-09-02T22:57:12Z
682,474,LOGOUT,2016-02-16T21:44:47Z
683,68,REVIEW_POSTED,2013-08-07T10:25:21Z
684,466,SEARCH_PERFORMED,2021-06-22T11:43:08Z
685,364,ITEM_VIEWED,2019-02-25T09:33:29Z
686,135,REVIEW_POSTED,2018-01-14T15:17:23Z
687,420,PURCHASE_MADE,2019-04-10T05:15:52Z
688,247,ITEM_VIEWED,2014-07-21T21:47:23Z
689,416,ADDED_TO_CART,2013-05-21T15:48:54Z
690,212,LOGOUT,2015-06-05T06:41:27Z
691,488,LOGIN,2022-11-02T02:29:32Z
692,324,REVIEW_POSTED,2017-03-11T15:43:32Z
693,43,LOGOUT,2015-04-11T06:27:27Z
694,433,CART_ABANDONED,2021-02-04T23:58:01Z
695,314,LOGOUT,2016-10-21T01:28:49Z
696,12,ADDED_TO_CART,2014-12-12T15:17:40Z
697,382,ITEM_VIEWED,2013-04-11T07:39:53Z
698,169,CART_ABANDONED,2018-12-14T21:22:19Z
699,113,CART_ABANDONED,2020-05-29T14:03:02Z
700,367,SEARCH_PERFORMED,2018-10-18T11:59:02Z
701,499,LOGIN,2020-08-02T05:34:30Z
702,54,LOGIN,2022-11-30T21:11:35Z
703,127,LOGOUT,2015-10-01T04:20:12Z
704,177,SEARCH_PERFORMED,2018-09-05T10:22:58Z
705,492,PURCHASE_MADE,2015-10-14T23:07:58Z
706,184,PURCHASE_MADE,2020-12-19T11:20:59Z
707,111,ADDED_TO_CART,2020-06-17T13:37:41Z
708,408,SEARCH_PERFORMED,2018-02-27T23:29:56Z
709,450,PURCHASE_MADE,2019-10-19T18:28:59Z
710,29,ITEM_VIEWED,2019-08-29T23:43:43Z
711,466,REVIEW_POSTED,2020-05-28T09:35:34Z
712,236,ITEM_VIEWED,2020-01-04T20:32:20Z
713,401,CART_ABANDONED,2019-08-26T06:59:23Z
714,406,CART_ABANDONED,2018-11-15T21:26:50Z
715,180,LOGIN,2013-12-29T17:41:17Z
716,129,LOGIN,2014-03-07T05:06:37Z
717,280,LOGIN,2015-01-02T13:04:27Z
718,341,SEARCH_PERFORMED,2022-05-03T17:56:22Z
719,96,REVIEW_POSTED,2016-01-23T06:31:58Z
720,371,LOGIN,2014-01-07T07:28:57Z
721,375,CART_ABANDONED,2015-03-31T21:29:34Z
722,281,ADDED_TO_CART,2020-08-28T22:03:19Z
723,102,LOGOUT,2021-02-24T02:59:17Z
724,388,CART_ABANDONED,2017-04-12T14:59:07Z
725,274,REVIEW_POSTED,2022-06-27T22:46:05Z
726,155,LOGOUT,2016-07-24T18:29:11Z
727,497,LOGIN,2018-12-17T06:24:51Z
728,128,SEARCH_PERFORMED,2018-10-07T05:00:52Z
729,308,CART_ABANDONED,2014-11-10T06:33:05Z
730,78,LOGOUT,2017-11-21T18:27:55Z
731,467,PURCHASE_MADE,2019-02-02T13:12:12Z
732,183,ADDED_TO_CART,2014-07-14T20:14:52Z
733,147,LOGOUT,2023-03-13T23:35:07Z
734,32,LOGIN,2017-05-17T23:46:31Z
735,11,LOGIN,2017-03-29T02:30:06Z
736,100,LOGIN,2021-10-28T00:50:51Z
737,385,ITEM_VIEWED,2023-03-16T15:21:29Z
738,366,ADDED_TO_CART,2015-04-03T17:31:30Z
739,433,ADDED_TO_CART,2016-11-27T22:19:25Z
740,228,SEARCH_PERFORMED,2021-07-06T16:57:30Z
741,386,SEARCH_PERFORMED,2015-01-31T19:54:59Z
742,455,LOGIN,2022-08-01T16:40:05Z
743,26,REVIEW_POSTED,2015-04-27T19:43:33Z
744,163,ITEM_VIEWED,2013-11-13T08:35:00Z
745,457,PURCHASE_MADE,2020-08-13T04:01:38Z
746,218,PURCHASE_MADE,2018-07-18T07:48:32Z
747,282,ITEM_VIEWED,2018-11-11T15:17:19Z
748,352,LOGOUT,2018-10-14T04:05:58Z
749,371,PURCHASE_MADE,2022-01-17T21:08:23Z
750,147,ITEM_VIEWED,2014-11-12T07:12:21Z
751,202,REVIEW_POSTED,2015-07-29T10:01:06Z
752,166,PURCHASE_MADE,2014-02-12T19:51:50Z
753,57,PURCHASE_MADE,2020-07-03T03:28:07Z
754,458,LOGIN,2016-11-26T05:34:18Z
755,50,ADDED_TO_CART,2022-04-01T02:12:01Z
756,11,LOGIN,2022-09-10T02:59:53Z
757,126,ADDED_TO_CART,2014-12-16T18:39:16Z
758,436,SEARCH_PERFORMED,2021-09-09T11:20:46Z
759,230,LOGOUT,2020-10-26T00:09:57Z
760,31,SEARCH_PERFORMED,2014-05-07T02:15:54Z
761,222,REVIEW_POSTED,2015-03-15T17:48:00Z
762,90,LOGOUT,2016-12-21T09:11:24Z
763,157,LOGIN,2019-01-11T10:09:56Z
764,386,ADDED_TO_CART,2020-12-31T06:29:39Z
765,88,ADDED_TO_CART,2021-01-14T11:51:38Z
766,210,ITEM_VIEWED,2017-08-17T18:52:41Z
767,342,REVIEW_POSTED,2013-09-11T10:51:36Z
768,214,CART_ABANDONED,2020-02-17T12:57:00Z
769,45,ITEM_VIEWED,2019-08-31T15:41:30Z
770,96,SEARCH_PERFORMED,2016-04-15T01:56:13Z
771,311,LOGIN,2022-06-21T14:40:47Z
772,475,LOGOUT,2017-11-23T03:31:15Z
773,284,ITEM_VIEWED,2013-08-20T06:20:14Z
774,254,CART_ABANDONED,2017-01-11T18:43:51Z
775,138,REVIEW_POSTED,2013-06-11T19:08:32Z
776,289,CART_ABANDONED,2017-08-15T04:17:50Z
777,489,LOGIN,2014-08-06T07:22:16Z
778,476,LOGIN,2018-09-10T15:10:53Z
779,163,ADDED_TO_CART,2020-11-30T18:24:12Z
780,13,ITEM_VIEWED,2014-01-10T17:58:57Z
781,234,SEARCH_PERFORMED,2020-08-26T04:00:31Z
782,459,SEARCH_PERFORMED,2020-12-06T15:32:04Z
783,428,SEARCH_PERFORMED,2016-11-26T02:33:57Z
784,171,ITEM_VIEWED,2020-01-02T16:38:44Z
785,474,ADDED_TO_CART,2015-09-06T16:53:47Z
786,105,LOGIN,2020-12-25T00:35:15Z
787,318,ITEM_VIEWED,2023-01-09T13:55:36Z
788,483,REVIEW_POSTED,2013-08-30T09:16:10Z
789,7,CART_ABANDONED,2018-03-04T18:31:30Z
790,11,ADDED_TO_CART,2021-04-07T12:40:03Z
791,267,ITEM_VIEWED,2017-03-25T20:16:55Z
792,229,ADDED_TO_CART,2017-09-19T00:41:46Z
793,382,SEARCH_PERFORMED,2015-09-15T04:28:27Z
794,368,LOGOUT,2013-09-13T01:23:59Z
795,9,REVIEW_POSTED,2021-02-02T21:27:17Z
796,284,ITEM_VIEWED,2021-12-25T07:07:43Z
797,170,PURCHASE_MADE,2018-05-12T20:10:41Z
798,124,LOGIN,2017-11-17T05:11:56Z
799,170,PURCHASE_MADE,2020-09-03T18:41:31Z
800,336,PURCHASE_MADE,2023-03-17T09:01:58Z
801,4,CART_ABANDONED,2017-09-12T13:20:31Z
802,191,PURCHASE_MADE,2019-06-27T05:01:44Z
803,46,SEARCH_PERFORMED,2021-09-08T13:25:04Z
804,390,LOGIN,2021-07-15T16:09:57Z
805,29,CART_ABANDONED,2015-01-03T00:21:12Z
806,280,CART_ABANDONED,2022-11-01T16:08:06Z
807,178,CART_ABANDONED,2015-05-17T09:10:43Z
808,400,ITEM_VIEWED,2014-10-17T21:43:15Z
809,235,ITEM_VIEWED,2013-06-16T03:30:09Z
810,494,CART_ABANDONED,2013-08-29T13:53:34Z
811,331,LOGIN,2017-01-01T22:47:28Z
812,45,ITEM_VIEWED,2021-11-13T08:43:09Z
813,71,SEARCH_PERFORMED,2020-09-05T20:06:11Z
814,42,REVIEW_POSTED,2019-05-12T09:19:06Z
815,3,REVIEW_POSTED,2022-11-23T02:15:40Z
816,157,ADDED_TO_CART,2022-02-11T11:12:05Z
817,14,SEARCH_PERFORMED,2019-08-10T18:18:16Z
818,391,SEARCH_PERFORMED,2013-07-30T09:38:48Z
819,199,SEARCH_PERFORMED,2020-01-28T12:25:44Z
820,443,REVIEW_POSTED,2016-08-12T22:29:49Z
821,236,PURCHASE_MADE,2023-01-10T13:06:10Z
822,481,ADDED_TO_CART,2016-10-30T02:18:58Z
823,1,REVIEW_POSTED,2018-05-31T23:16:06Z
824,267,ADDED_TO_CART,2015-06-20T04:03:04Z
825,287,LOGOUT,2017-02-25T07:19:18Z
826,181,LOGOUT,2019-02-05T05:57:17Z
827,110,ITEM_VIEWED,2016-07-04T21:14:45Z
828,321,LOGIN,2019-10-18T19:29:51Z
829,201,CART_ABANDONED,2015-05-27T18:21:57Z
830,305,SEARCH_PERFORMED,2018-05-14T21:03:48Z
831,252,SEARCH_PERFORMED,2022-12-20T22:40:53Z
832,139,LOGIN,2015-09-21T13:06:06Z
833,400,ITEM_VIEWED,2018-08-07T03:32:14Z
834,313,CART_ABANDONED,2016-09-27T11:24:17Z
835,453,LOGOUT,2022-07-25T23:23:59Z
836,133,REVIEW_POSTED,2015-08-08T20:28:11Z
837,31,ITEM_VIEWED,2016-12-15T08:55:32Z
838,299,LOGIN,2017-09-02T02:44:57Z
839,449,CART_ABANDONED,2021-08-29T09:11:40Z
840,273,PURCHASE_MADE,2016-09-27T15:36:42Z
841,145,LOGIN,2017-03-15T17:59:08Z
842,450,PURCHASE_MADE,2014-11-19T20:19:45Z
843,448,REVIEW_POSTED,2021-06-10T01:56:03Z
844,36,CART_ABANDONED,2013-05-30T07:32:43Z
845,421,LOGIN,2017-06-12T00:28:16Z
846,405,REVIEW_POSTED,2014-07-30T06:14:46Z
847,254,CART_ABANDONED,2015-12-09T03:55:17Z
848,50,ITEM_VIEWED,2020-10-19T04:52:40Z
849,113,LOGIN,2016-06-28T05:53:54Z
850,58,REVIEW_POSTED,2021-09-22T21:54:16Z
851,468,SEARCH_PERFORMED,2018-02-09T09:05:11Z
852,256,LOGOUT,2014-11-01T10:38:51Z
853,428,ITEM_VIEWED,2022-09-01T04:03:15Z
854,409,ADDED_TO_CART,2013-06-02T22:56:45Z
855,103,REVIEW_POSTED,2019-11-08T00:16:40Z
856,55,PURCHASE_MADE,2015-05-18T23:09:23Z
857,94,PURCHASE_MADE,2020-02-16T12:50:58Z
858,120,LOGOUT,2014-05-08T20:47:57Z
859,218,ITEM_VIEWED,2015-04-25T18:24:17Z
860,191,CART_ABANDONED,2023-02-06T22:42:27Z
861,276,ADDED_TO_CART,2013-12-30T06:53:10Z
862,300,LOGIN,2019-01-18T09:13:16Z
863,310,CART_ABANDONED,2021-10-02T08:17:58Z
864,276,ADDED_TO_CART,2013-08-12T16:20:32Z
865,396,PURCHASE_MADE,2013-05-03T04:07:29Z
866,412,ITEM_VIEWED,2021-08-11T18:58:16Z
867,53,REVIEW_POSTED,2013-12-15T07:57:38Z
868,61,ADDED_TO_CART,2021-03-29T03:21:29Z
869,399,REVIEW_POSTED,2017-03-01T18:18:02Z
870,333,CART_ABANDONED,2022-07-06T15:59:11Z
871,414,ADDED_TO_CART,2018-07-23T01:15:08Z
872,152,PURCHASE_MADE,2016-12-14T14:19:17Z
873,373,LOGOUT,2019-08-12T02:00:47Z
874,166,CART_ABANDONED,2016-06-05T11:17:17Z
875,448,SEARCH_PERFORMED,2022-11-07T23:42:23Z
876,360,REVIEW_POSTED,2016-09-06T13:21:13Z
877,59,PURCHASE_MADE,2022-07-13T21:19:46Z
878,277,LOGIN,2021-05-16T08:04:16Z
879,344,LOGOUT,2016-11-03T00:02:56Z
880,345,ADDED_TO_CART,2018-06-16T11:38:21Z
881,392,LOGOUT,2015-02-26T02:26:53Z
882,331,CART_ABANDONED,2020-09-27T21:44:58Z
883,272,LOGOUT,2014-01-11T13:37:59Z
884,84,SEARCH_PERFORMED,2017-09-26T04:23:33Z
885,382,CART_ABANDONED,2017-01-25T23:37:50Z
886,248,ITEM_VIEWED,2017-01-07T15:28:23Z
887,9,LOGOUT,2022-01-06T07:13:46Z
888,173,REVIEW_POSTED,2016-02-27T01:34:15Z
889,250,CART_ABANDONED,2016-10-01T23:15:41Z
890,31,REVIEW_POSTED,2014-11-01T16:43:37Z
891,120,ITEM_VIEWED,2013-07-09T21:08:47Z
892,428,LOGIN,2014-09-12T10:21:51Z
893,247,ADDED_TO_CART,2019-07-11T11:41:39Z
894,349,LOGOUT,2022-02-28T08:02:45Z
895,368,REVIEW_POSTED,2017-02-20T16:25:25Z
896,218,CART_ABANDONED,2015-11-07T23:11:43Z
897,498,SEARCH_PERFORMED,2014-12-02T04:19:50Z
898,5,ITEM_VIEWED,2020-07-21T23:17:14Z
899,467,ADDED_TO_CART,2017-11-28T10:32:52Z
900,219,LOGIN,2018-08-17T00:26:13Z
901,140,SEARCH_PERFORMED,2013-04-19T19:15:00Z
902,330,LOGOUT,2020-01-26T04:23:34Z
903,124,CART_ABANDONED,2013-03-26T03:50:20Z
904,148,ADDED_TO_CART,2013-10-11T18:38:45Z
905,297,SEARCH_PERFORMED,2021-05-17T21:19:27Z
906,28,REVIEW_POSTED,2017-12-22T05:42:05Z
907,142,PURCHASE_MADE,2020-04-20T05:08:06Z
908,162,LOGIN,2015-02-27T21:12:26Z
909,163,CART_ABANDONED,2020-12-10T15:01:38Z
910,382,SEARCH_PERFORMED,2021-01-06T02:32:03Z
911,452,REVIEW_POSTED,2021-10-23T16:30:21Z
912,277,LOGIN,2013-08-14T10:57:32Z
913,344,LOGOUT,2016-07-14T18:47:01Z
914,67,LOGOUT,2018-09-27T22:09:52Z
915,396,ITEM_VIEWED,2015-05-21T05:54:11Z
916,392,LOGIN,2018-09-03T02:40:17Z
917,32,LOGIN,2021-04-26T12:08:17Z
918,126,ADDED_TO_CART,2021-08-01T02:20:19Z
919,295,CART_ABANDONED,2021-05-14T21:05:56Z
920,457,SEARCH_PERFORMED,2014-12-08T05:55:14Z
921,437,ADDED_TO_CART,2021-06-18T20:44:21Z
922,436,LOGIN,2016-08-11T01:54:52Z
923,312,PURCHASE_MADE,2013-07-04T10:05:00Z
924,51,ADDED_TO_CART,2016-06-07T14:17:25Z
925,248,ADDED_TO_CART,2015-04-14T18:34:34Z
926,285,SEARCH_PERFORMED,2013-06-22T12:04:01Z
927,123,LOGOUT,2013-11-03T21:58:55Z
928,63,LOGIN,2022-07-24T15:19:26Z
929,390,LOGIN,2013-10-18T17:48:34Z
930,225,REVIEW_POSTED,2019-10-30T17:27:01Z
931,157,ITEM_VIEWED,2014-04-08T22:08:20Z
932,127,ITEM_VIEWED,2017-11-07T14:55:43Z
933,401,LOGOUT,2021-08-19T11:21:37Z
934,119,ITEM_VIEWED,2015-10-22T22:05:56Z
935,4,CART_ABANDONED,2015-07-03T21:04:53Z
936,359,PURCHASE_MADE,2022-05-01T16:59:37Z
937,198,LOGOUT,2015-01-24T17:39:48Z
938,253,CART_ABANDONED,2022-07-29T10:22:09Z
939,408,LOGIN,2014-05-10T21:53:37Z
940,336,LOGOUT,2020-12-14T17:10:18Z
941,202,ADDED_TO_CART,2021-09-08T18:53:45Z
942,416,SEARCH_PERFORMED,2021-01-01T01:26:27Z
943,332,SEARCH_PERFORMED,2018-08-27T18:20:49Z
944,337,ITEM_VIEWED,2016-11-02T14:54:42Z
945,446,SEARCH_PERFORMED,2022-04-05T01:55:54Z
946,108,REVIEW_POSTED,2016-09-17T23:29:35Z
947,368,SEARCH_PERFORMED,2019-04-05T13:15:45Z
948,197,ADDED_TO_CART,2018-02-17T08:22:42Z
949,191,ITEM_VIEWED,2017-07-02T16:29:29Z
950,48,PURCHASE_MADE,2015-11-13T22:18:15Z
951,235,LOGOUT,2017-01-01T01:04:21Z
952,22,ITEM_VIEWED,2022-08-13T16:36:04Z
953,304,PURCHASE_MADE,2020-08-22T15:23:46Z
954,66,PURCHASE_MADE,2021-04-28T17:38:01Z
955,300,CART_ABANDONED,2021-01-13T06:22:30Z
956,9,PURCHASE_MADE,2018-03-31T15:43:48Z
957,69,ADDED_TO_CART,2021-09-29T18:03:24Z
958,453,CART_ABANDONED,2021-10-19T17:11:36Z
959,269,REVIEW_POSTED,2013-11-12T14:31:05Z
960,217,SEARCH_PERFORMED,2022-03-24T23:43:59Z
961,15,LOGIN,2016-10-21T12:22:51Z
962,339,LOGOUT,2016-07-02T15:28:12Z
963,384,CART_ABANDONED,2015-08-17T15:31:16Z
964,61,LOGOUT,2016-05-03T12:54:30Z
965,122,SEARCH_PERFORMED,2014-09-14T09:15:54Z
966,192,ADDED_TO_CART,2022-08-24T09:16:53Z
967,171,REVIEW_POSTED,2020-03-25T09:20:41Z
968,303,ITEM_VIEWED,2015-12-22T13:05:42Z
969,127,CART_ABANDONED,2019-08-06T02:25:43Z
970,491,CART_ABANDONED,2020-05-13T00:01:52Z
971,110,ADDED_TO_CART,2019-11-28T19:43:46Z
972,35,LOGIN,2021-05-26T18:31:41Z
973,105,SEARCH_PERFORMED,2022-12-03T14:50:54Z
974,163,REVIEW_POSTED,2015-08-13T23:14:40Z
975,221,SEARCH_PERFORMED,2019-10-17T13:02:13Z
976,220,REVIEW_POSTED,2018-02-12T05:16:06Z
977,277,REVIEW_POSTED,2019-11-18T13:18:41Z
978,486,REVIEW_POSTED,2021-06-18T09:21:38Z
979,217,SEARCH_PERFORMED,2020-06-06T06:47:32Z
980,322,ITEM_VIEWED,2018-08-10T20:10:56Z
981,497,LOGOUT,2022-01-14T07:04:00Z
982,7,ADDED_TO_CART,2015-08-27T12:28:44Z
983,115,ITEM_VIEWED,2019-11-18T03:40:15Z
984,21,PURCHASE_MADE,2021-03-30T01:45:58Z
985,347,ADDED_TO_CART,2016-11-27T15:01:03Z
986,100,CART_ABANDONED,2015-02-22T12:20:57Z
987,366,SEARCH_PERFORMED,2016-01-05T00:49:03Z
988,355,SEARCH_PERFORMED,2021-05-13T14:33:26Z
989,216,ITEM_VIEWED,2018-12-12T08:51:58Z
990,386,CART_ABANDONED,2018-04-10T15:26:11Z
991,379,CART_ABANDONED,2015-06-05T03:41:06Z
992,270,PURCHASE_MADE,2014-03-08T22:26:25Z
993,414,CART_ABANDONED,2017-05-08T10:46:55Z
994,322,ADDED_TO_CART,2017-07-12T16:54:12Z
995,344,ITEM_VIEWED,2018-12-07T07:11:02Z
996,237,ITEM_VIEWED,2023-02-25T09:32:22Z
997,274,LOGOUT,2017-01-21T14:58:58Z
998,307,REVIEW_POSTED,2018-04-21T01:46:05Z
999,87,REVIEW_POSTED,2021-10-15T19:39:33Z
1000,333,ADDED_TO_CART,2021-03-03T11:39:50Z
